,race,Percent_Over_50K
0,American-Indian-Eskimo,9.89010989010989
1,Asian-Pacific-Islander,28.753993610223645
2,Black,11.578947368421053
3,Other,8.75
4,White,26.535138921316836
